{
    "fault_id": 19,
    "accuracy": 0.767084375,
    "classification_report": {
        "0": {
            "precision": 0.7555520560697363,
            "recall": 0.7896479166666667,
            "f1-score": 0.7722238124973896,
            "support": 480000.0
        },
        "1": {
            "precision": 0.7797067236259625,
            "recall": 0.7445208333333333,
            "f1-score": 0.7617076557619368,
            "support": 480000.0
        },
        "accuracy": 0.767084375,
        "macro avg": {
            "precision": 0.7676293898478495,
            "recall": 0.767084375,
            "f1-score": 0.7669657341296632,
            "support": 960000.0
        },
        "weighted avg": {
            "precision": 0.7676293898478493,
            "recall": 0.767084375,
            "f1-score": 0.7669657341296632,
            "support": 960000.0
        }
    }
}